[
{"locality": ["BTM Layout"], "title": ["1 BHK Apartment  For Sale  In Sandy Villa, Btm Layout In Btm Layout", "3 BHK Apartment  For Sale  In Sobha Magnolia In Btm Layout", "2 BHK Flat  For Sale  In Nandi Jewels In Btm 2nd Stage", "3 BHK Apartment  For Sale  In Brigade Lakeview Apartment In Btm Layout", "2 BHK Apartment  For Sale  In Niranjan Central Apartments In Btm Layout 1", "2 BHK Apartment  For Sale  In Pyramid Classic In Btm Layout", "3 BHK Apartment  For Sale  In Mantri Elegance Apartments In Btm 2nd Stage", "2 BHK Apartment  For Sale  In Niranjan Central Apartments In Btm Layout 1", "4 BHK Apartment  For Sale  In Sweet Dreams Apartment In Btm Layout 1", "3 BHK Flat  For Sale  In Total Environment Green Is The Colour, Bangalore In Btm 2nd Stage", "2 BHK Apartment  For Sale  In Manar Sorrento In Btm Layout 1", "2 BHK Flat  For Sale  In Rajeshwari Residency In Btm Layout", "2 BHK Flat  For Sale  In Rajeshwari Residency In Btm Layout", "4+ BHK Flat  For Sale  In Mohan Nilaya In Btm I Stage", "3 BHK Flat  For Sale  In Silverline Nymphae Apartment In Btm Layout", "3 BHK Apartment  For Sale  In Majestic Residency In Btm Layout", "2 BHK Flat  For Sale  In Vinayaka Sai Residency In Btm 1st Stage", "3 BHK Flat  For Sale  In Sharada Residency In Btm Layout 2nd Stage", "2 BHK Flat  For Sale  In Manya Arena, Bannerghatta Road In Bannerghatta Road", "2 BHK Apartment  For Sale  In Jana Jeeva Regency In Btm 2nd Stage", "2 BHK Flat  For Sale  In Mytri Palace, Btm 2nd Stage In Btm 2nd Stage", "3 BHK Flat  For Sale  In Laa Emerald In Btm 2nd Stage", "2 BHK Flat  For Sale  In Heritage Heaven  In 49 18th Main Road", "3 BHK Flat  For Sale  In Mbvs Castle Apartment In Btm 2nd Stage", "3 BHK Apartment  For Sale  In Brigade Lakeview Apartment In Btm Layout"], "area": ["565 sqft", "1,837 sqft", "1,280 sqft", "2,220 sqft", "1,113 sqft", "1,332 sqft", "1,815 sqft", "1,400 sqft", "3,006 sqft", "1,600 sqft", "1,200 sqft", "1,000 sqft", "1,200 sqft", "4,650 sqft", "1,060 sqft", "1,325 sqft", "1,025 sqft", "2,200 sqft", "920 sqft", "1,030 sqft", "1,020 sqft", "1,650 sqft", "1,100 sqft", "1,185 sqft", "2,220 sqft"], "rent": ["20,060/Month", "97,434/Month", "54,448/Month", "1.17 Lacs/Month", "34,388/Month", "36,394/Month", "1.12 Lacs/Month", "41,266/Month", "1.29 Lacs/Month", "92,849/Month", "42,985/Month", "34,388/Month", "40,120/Month", "2.29 Lacs/Month", "31,522/Month", "71,643/Month", "32,096/Month", "71,643/Month", "22,925/Month", "27,510/Month", "33,242/Month", "42,985/Month", "51,583/Month", "40,120/Month", "1.17 Lacs/Month"], "price_per_sqft": ["\u20b96,195 per sq.ft.", "\u20b99,254 per sq.ft.", "\u20b97,422 per sq.ft.", "\u20b99,234 per sq.ft.", "\u20b95,391 per sq.ft.", "\u20b94,767 per sq.ft.", "\u20b910,744 per sq.ft.", "\u20b95,143 per sq.ft.", "\u20b97,485 per sq.ft.", "\u20b910,125 per sq.ft.", "\u20b96,250 per sq.ft.", "\u20b96,000 per sq.ft.", "\u20b95,833 per sq.ft.", "\u20b98,602 per sq.ft.", "\u20b95,189 per sq.ft.", "\u20b99,434 per sq.ft.", "\u20b95,463 per sq.ft.", "\u20b95,682 per sq.ft.", "\u20b94,348 per sq.ft.", "\u20b94,660 per sq.ft.", "\u20b95,686 per sq.ft.", "\u20b94,545 per sq.ft.", "\u20b98,182 per sq.ft.", "\u20b95,907 per sq.ft.", "\u20b99,234 per sq.ft."], "facing": ["North-West", "East", "East", "North", "East", "West", "North-East", "South-East", "East", "South", "West", "West", "North", "East", "North", "East", "North", "East", "North", "North", "West", "East", "West", "North", "North"], "BHK": ["1 BHK", "3 BHK", "2 BHK", "3 BHK", "2 BHK", "2 BHK", "3 BHK", "2 BHK", "4 BHK", "3 BHK", "2 BHK", "2 BHK", "2 BHK", "4+ BHK", "3 BHK", "3 BHK", "2 BHK", "3 BHK", "2 BHK", "2 BHK", "2 BHK", "3 BHK", "2 BHK", "3 BHK", "3 BHK"], "bathrooms": ["1", "3", "2", "3", "2", "2", "2", "2", "5", "2", "2", "2", "2", "13", "2", "2", "2", "3", "2", "2", "2", "2", "2", "2", "3"], "parking": ["Bike", "Bike and Car", "Car", "Bike and Car", "Bike and Car", "Bike and Car", "Car", "Bike and Car", "Bike and Car", "Bike and Car", "Bike and Car", "Bike and Car", "Bike and Car", "Bike", "Bike and Car", "Bike and Car", "Bike and Car", "Bike and Car", "Bike and Car", "Bike and Car", "Car", "Car", "Bike and Car", "Bike and Car", "Bike and Car"]},
{"locality": ["Attibele", "Sarjapura"], "title": ["1 BHK Apartment  For Sale  In Shriram Smrithi In Attibele", "2 BHK Flat  For Sale  In Jaanabhar Subha 2 In Janaadhar Shubha Phase 2", "2 BHK Apartment  For Sale  In Aryan Fountain Square Apartment Complex In Attibele", "3 BHK Apartment  For Sale  In Sigma Serenity In Attibele Bus Stand", "2 BHK Flat  For Sale  In Indya The Greens In Attibele", "2 BHK Flat  For Sale  In Indya The Greens In Attibele", "2 BHK Apartment  For Sale  In Sigma Serenity In Attibele", "2 BHK Flat  For Sale  In Sigma Serenity In Attibele", "2 BHK Apartment  For Sale  In Sigma Serenity In Attibele", "2 BHK Apartment  For Sale  In Sigma Serenity In Attibele", "2 BHK Apartment  For Sale  In Sigma Serenity In Attibele", "2 BHK Flat  For Sale  In Sigma Serenity In Attibele", "4 BHK Flat  For Sale  In Athibele", "2 BHK Apartment  For Sale  In Sigma Serenity In Attibele", "2 BHK Flat  For Sale  In  Sigma Serenity In Attibele", "3 BHK Flat  For Sale  In Opulence Apartment In Attibele", "2 BHK Flat  For Sale  In Opulence Apartment In Attibele", "2 BHK Apartment  For Sale  In Indya The Greens Phase Iii In Attibele", "2 BHK Apartment  For Sale  In Indya The Greens Phase Iii In Attibele", "2 BHK Apartment  For Sale  In Indya The Greens Phase Iii In Attibele", "2 BHK Apartment  For Sale  In Indya The Greens Phase Iii In Attibele", "2 BHK Apartment  For Sale  In Indya The Greens Phase Iii In Attibele", "2 BHK Apartment  For Sale  In Indya The Greens Phase Iii In Attibele", "3 BHK Apartment  For Sale  In Indya The Greens Phase Iii In Attibele", "2 BHK Apartment  For Sale  In Indya The Greens Phase Iii In Attibele"], "area": ["765 sqft", "656 sqft", "837 sqft", "1,347 sqft", "691 sqft", "750 sqft", "1,069 sqft", "1,007 sqft", "1,258 sqft", "1,169 sqft", "1,350 sqft", "1,175 sqft", "2,900 sqft", "1,060 sqft", "1,007 sqft", "1,210 sqft", "880 sqft", "810 sqft", "800 sqft", "750 sqft", "2,000 sqft", "615 sqft", "630 sqft", "1,200 sqft", "750 sqft"], "rent": ["18,340/Month", "13,182/Month", "18,913/Month", "21,091/Month", "20,060/Month", "15,474/Month", "21,206/Month", "25,791/Month", "25,791/Month", "25,791/Month", "26,937/Month", "25,218/Month", "54,448/Month", "20,633/Month", "31,522/Month", "21,779/Month", "16,048/Month", "18,340/Month", "14,328/Month", "12,609/Month", "13,468/Month", "17,194/Month", "18,340/Month", "28,657/Month", "20,060/Month"], "price_per_sqft": ["\u20b94,183 per sq.ft.", "\u20b93,506 per sq.ft.", "\u20b93,943 per sq.ft.", "\u20b92,732 per sq.ft.", "\u20b95,065 per sq.ft.", "\u20b93,600 per sq.ft.", "\u20b93,461 per sq.ft.", "\u20b94,469 per sq.ft.", "\u20b93,577 per sq.ft.", "\u20b93,849 per sq.ft.", "\u20b93,481 per sq.ft.", "\u20b93,745 per sq.ft.", "\u20b93,276 per sq.ft.", "\u20b93,396 per sq.ft.", "\u20b95,462 per sq.ft.", "\u20b93,140 per sq.ft.", "\u20b93,182 per sq.ft.", "\u20b93,951 per sq.ft.", "\u20b93,125 per sq.ft.", "\u20b92,933 per sq.ft.", "\u20b91,175 per sq.ft.", "\u20b94,878 per sq.ft.", "\u20b95,079 per sq.ft.", "\u20b94,167 per sq.ft.", "\u20b94,667 per sq.ft."], "facing": ["East", "North-East", "East", "North", "East", "East", "North", "East", "East", "West", "North-East", "East", "North", "South", "East", "North-East", "North-East", "East", "North", "North", "East", "East", "East", "North", "North-East"], "BHK": ["1 BHK", "2 BHK", "2 BHK", "3 BHK", "2 BHK", "2 BHK", "2 BHK", "2 BHK", "2 BHK", "2 BHK", "2 BHK", "2 BHK", "4 BHK", "2 BHK", "2 BHK", "3 BHK", "2 BHK", "2 BHK", "2 BHK", "2 BHK", "2 BHK", "2 BHK", "2 BHK", "3 BHK", "2 BHK"], "bathrooms": ["1", "2", "2", "2", "1", "2", "2", "2", "2", "2", "2", "2", "4", "2", "2", "3", "2", "2", "2", "1", "1", "1", "2", "3", "2"], "parking": ["Bike and Car", "Bike and Car", "Car", "Bike and Car", "Bike and Car", "Bike and Car", "Bike and Car", "Bike and Car", "Bike and Car", "Bike and Car", "Car", "Bike and Car", "Car", "Bike and Car", "Bike and Car", "Bike and Car", "Bike and Car", "Bike and Car", "Bike and Car", "Bike and Car", "Bike and Car", "Bike and Car", "Car", "Bike and Car", "Bike and Car"]},
{"locality": ["K R Puram Bus Stop"], "title": ["2 BHK Flat  For Sale  In Garuda Park Square, Krishnarajapura In K R Puram Bus Stop", "2 BHK Flat  For Sale  In Garuda Park Square, Krishnarajapura In K R Puram Bus Stop", "2 BHK Flat  For Sale  In Garuda Park Square, Krishnarajapura In K R Puram Bus Stop", "2 BHK Flat  For Sale  In Garuda Park Square, Krishnarajapura In K R Puram Bus Stop", "2 BHK Flat  For Sale  In Garuda Park Square, Krishnarajapura In K R Puram Bus Stop", "2 BHK Flat  For Sale  In Garuda Park Square, Krishnarajapura In K R Puram Bus Stop", "2 BHK Flat  For Sale  In Garuda Park Square, Krishnarajapura In K R Puram Bus Stop", "2 BHK Flat  For Sale  In Garuda Park Square, Krishnarajapura In K R Puram Bus Stop", "2 BHK Flat  For Sale  In Garuda Park Square, Krishnarajapura In K R Puram Bus Stop", "3 BHK Flat  For Sale  In Garuda Park Square, Krishnarajapura In K R Puram Bus Stop", "3 BHK Flat  For Sale  In Garuda Park Square, Krishnarajapura In K R Puram Bus Stop", "3 BHK Flat  For Sale  In Garuda Park Square, Krishnarajapura In K R Puram Bus Stop", "2 BHK Flat  For Sale  In Garuda Park Square, Krishnarajapura In K R Puram Bus Stop", "3 BHK Flat  For Sale  In Garuda Park Square, Krishnarajapura In K R Puram Bus Stop", "2 BHK Flat  For Sale  In Garuda Park Square, Krishnarajapura In K R Puram Bus Stop", "2 BHK Flat  For Sale  In Garuda Park Square, Krishnarajapura In K R Puram Bus Stop", "2 BHK Flat  For Sale  In Garuda Park Square, Krishnarajapura In K R Puram Bus Stop", "3 BHK Flat  For Sale  In Garuda Park Square, Krishnarajapura In K R Puram Bus Stop", "2 BHK Flat  For Sale  In Garuda Park Square, Krishnarajapura In K R Puram Bus Stop", "2 BHK Flat  For Sale  In Garuda Park Square, Krishnarajapura In K R Puram Bus Stop", "2 BHK Flat  For Sale  In Garuda Park Square, Krishnarajapura In K R Puram Bus Stop", "2 BHK Flat  For Sale  In Garuda Park Square, Krishnarajapura In K R Puram Bus Stop", "2 BHK Flat  For Sale  In Garuda Park Square, Krishnarajapura In K R Puram Bus Stop", "2 BHK Flat  For Sale  In Garuda Park Square, Krishnarajapura In K R Puram Bus Stop", "2 BHK Flat  For Sale  In Garuda Park Square, Krishnarajapura In K R Puram Bus Stop"], "area": ["1,164 sqft", "1,138 sqft", "1,139 sqft", "1,139 sqft", "1,139 sqft", "1,133 sqft", "1,228 sqft", "1,064 sqft", "1,138 sqft", "1,295 sqft", "1,425 sqft", "1,339 sqft", "1,075 sqft", "1,339 sqft", "1,113 sqft", "1,139 sqft", "1,139 sqft", "1,295 sqft", "1,151 sqft", "1,139 sqft", "1,075 sqft", "1,113 sqft", "1,143 sqft", "1,064 sqft", "1,143 sqft"], "rent": ["37,254/Month", "35,534/Month", "36,108/Month", "36,108/Month", "36,108/Month", "36,108/Month", "36,108/Month", "33,886/Month", "35,534/Month", "44,203/Month", "47,651/Month", "41,839/Month", "35,735/Month", "40,120/Month", "37,445/Month", "37,254/Month", "37,254/Month", "43,623/Month", "35,534/Month", "35,534/Month", "34,512/Month", "36,229/Month", "38,471/Month", "35,534/Month", "38,523/Month"], "price_per_sqft": ["\u20b95,584 per sq.ft.", "\u20b95,448 per sq.ft.", "\u20b95,531 per sq.ft.", "\u20b95,531 per sq.ft.", "\u20b95,531 per sq.ft.", "\u20b95,560 per sq.ft.", "\u20b95,130 per sq.ft.", "\u20b95,557 per sq.ft.", "\u20b95,448 per sq.ft.", "\u20b95,956 per sq.ft.", "\u20b95,834 per sq.ft.", "\u20b95,452 per sq.ft.", "\u20b95,800 per sq.ft.", "\u20b95,228 per sq.ft.", "\u20b95,870 per sq.ft.", "\u20b95,707 per sq.ft.", "\u20b95,707 per sq.ft.", "\u20b95,877 per sq.ft.", "\u20b95,387 per sq.ft.", "\u20b95,443 per sq.ft.", "\u20b95,601 per sq.ft.", "\u20b95,679 per sq.ft.", "\u20b95,873 per sq.ft.", "\u20b95,827 per sq.ft.", "\u20b95,881 per sq.ft."], "facing": ["West", "West", "West", "West", "West", "West", "East", "West", "West", "East", "East", "East", "West", "East", "West", "West", "West", "East", "West", "West", "West", "West", "North", "West", "North"], "BHK": ["2 BHK", "2 BHK", "2 BHK", "2 BHK", "2 BHK", "2 BHK", "2 BHK", "2 BHK", "2 BHK", "3 BHK", "3 BHK", "3 BHK", "2 BHK", "3 BHK", "2 BHK", "2 BHK", "2 BHK", "3 BHK", "2 BHK", "2 BHK", "2 BHK", "2 BHK", "2 BHK", "2 BHK", "2 BHK"], "bathrooms": ["2", "2", "2", "2", "2", "2", "2", "2", "2", "2", "2", "2", "2", "2", "2", "2", "2", "2", "2", "2", "2", "2", "2", "2", "2"], "parking": ["Bike and Car", "Bike and Car", "Bike and Car", "Bike and Car", "Bike and Car", "Bike and Car", "Bike and Car", "Bike and Car", "Bike and Car", "Bike and Car", "Bike and Car", "Bike and Car", "Bike and Car", "Bike and Car", "Bike and Car", "Bike and Car", "Bike and Car", "Bike and Car", "Bike and Car", "Bike and Car", "Bike and Car", "Bike and Car", "Bike and Car", "Bike and Car", "Bike and Car"]},
{"locality": ["Marathahalli"], "title": ["4+ BHK Flat  For Sale  In Standalone Building  In Marathahalli ", "4+ BHK Flat  For Sale  In Marathahalli", "3 BHK Flat  For Sale  In Rich Fields In Marathahalli", "2 BHK Flat  For Sale  In Pathrika Paradise In Marathahalli", "3 BHK Apartment  For Sale  In Vanshee Richfield Apts In Marathahalli", "3 BHK Apartment  For Sale  In Vanshee Richfield Apts In Marathahalli", "2 BHK Apartment  For Sale  In Sri Sai Sannidhi In Marathahalli", "2 BHK Apartment  For Sale  In Parimala Elan In Marathahalli", "3 BHK Apartment  For Sale  In Vanshi  Rich Field Apartment In Marathahalli", "2 BHK Flat  For Sale  In Sai Kuteer In Marathahalli", "3 BHK Apartment  For Sale  In Sr Sree Utopia In Marathahalli", "2 BHK Apartment  For Sale  In Sr Sree Utopia In Marathahalli", "3 BHK Apartment  For Sale  In Vanshee Richfield Apts In Marathahalli", "2 BHK Apartment  For Sale  In Bharat Regency In Marathahalli", "2 BHK Flat  For Sale  In Krishna Dham In Marathahalli", "2 BHK Apartment  For Sale  In Krishna Dham Apartments In Marathahalli", "3 BHK Apartment  For Sale  In Greens Apartments In Marathahalli", "3 BHK Flat  For Sale  In Sadhguru Fortuna In Marathahalli", "2 BHK Flat  For Sale  In G  S Mansion In Hemanth Nagar", "4 BHK Flat  For Sale  In Standalone Building  In Marathahalli", "2 BHK Flat  For Sale  In G.s Mansion In Marathahalli", "2 BHK Apartment  For Sale  In Vanshee Citadel In Marathahalli", "2 BHK Apartment  For Sale  In Vanshee Citadel In Marathahalli", "2 BHK Flat  For Sale  In Pradham Regency In Marathahalli", "2 BHK Flat  For Sale  In Sai Pradham Residency In Marathahalli"], "area": ["7,200 sqft", "4,200 sqft", "1,550 sqft", "1,120 sqft", "1,560 sqft", "1,560 sqft", "1,110 sqft", "1,050 sqft", "1,500 sqft", "950 sqft", "1,600 sqft", "1,302 sqft", "1,450 sqft", "1,170 sqft", "1,000 sqft", "1,000 sqft", "1,650 sqft", "1,640 sqft", "1,168 sqft", "2,400 sqft", "1,145 sqft", "1,204 sqft", "1,204 sqft", "1,300 sqft", "1,034 sqft"], "rent": ["1.26 Lacs/Month", "74,508/Month", "46,997/Month", "37,254/Month", "50,150/Month", "54,448/Month", "42,412/Month", "31,522/Month", "42,985/Month", "25,791/Month", "51,583/Month", "48,717/Month", "48,717/Month", "39,833/Month", "28,657/Month", "37,254/Month", "45,851/Month", "48,717/Month", "31,522/Month", "68,777/Month", "31,522/Month", "42,412/Month", "37,953/Month", "28,657/Month", "24,072/Month"], "price_per_sqft": ["\u20b93,056 per sq.ft.", "\u20b93,095 per sq.ft.", "\u20b95,290 per sq.ft.", "\u20b95,804 per sq.ft.", "\u20b95,609 per sq.ft.", "\u20b96,090 per sq.ft.", "\u20b96,667 per sq.ft.", "\u20b95,238 per sq.ft.", "\u20b95,000 per sq.ft.", "\u20b94,737 per sq.ft.", "\u20b95,625 per sq.ft.", "\u20b96,528 per sq.ft.", "\u20b95,862 per sq.ft.", "\u20b95,940 per sq.ft.", "\u20b95,000 per sq.ft.", "\u20b96,500 per sq.ft.", "\u20b94,848 per sq.ft.", "\u20b95,183 per sq.ft.", "\u20b94,709 per sq.ft.", "\u20b95,000 per sq.ft.", "\u20b94,803 per sq.ft.", "\u20b96,146 per sq.ft.", "\u20b95,500 per sq.ft.", "\u20b93,846 per sq.ft.", "\u20b94,062 per sq.ft."], "facing": ["Don't Know", "North", "West", "West", "East", "East", "East", "East", "West", "East", "West", "East", "West", "North", "East", "North", "East", "North", "South", "Don't Know", "East", "East", "West", "North", "West"], "BHK": ["4+ BHK", "4+ BHK", "3 BHK", "2 BHK", "3 BHK", "3 BHK", "2 BHK", "2 BHK", "3 BHK", "2 BHK", "3 BHK", "2 BHK", "3 BHK", "2 BHK", "2 BHK", "2 BHK", "3 BHK", "3 BHK", "2 BHK", "4 BHK", "2 BHK", "2 BHK", "2 BHK", "2 BHK", "2 BHK"], "bathrooms": ["26", "16", "3", "2", "3", "3", "2", "2", "3", "2", "3", "2", "3", "2", "2", "2", "3", "2", "2", "4", "2", "2", "2", "2", "2"], "parking": ["Bike", "None", "Bike and Car", "Bike and Car", "Bike and Car", "Bike and Car", "Bike and Car", "Car", "Bike and Car", "Bike and Car", "Bike and Car", "Bike and Car", "Bike and Car", "Bike and Car", "Bike", "Bike and Car", "Bike and Car", "Bike and Car", "Car", "Bike", "Bike and Car", "Bike and Car", "Bike and Car", "Bike", "Car"]},
{"locality": ["Indiranagar"], "title": ["3 BHK Flat  For Sale  In Hal 2nd Stage,indiranagar  ", "4 BHK Flat  For Sale  In Golfridge In Indira Nagar", "2 BHK Apartment  For Sale  In Team Heritage Apartments In Indiranagar", "3 BHK Flat  For Sale  In Livintique Residence In Indiranagar", "3 BHK Apartment  For Sale  In Ashiana Gardens Apartments In Indiranagar", "3 BHK Flat  For Sale  In Beverly Apartments In Hal 2nd Stage, Indiranagar", "3 BHK Flat  For Sale  In Vaishali Residency In Indiranagar", "2 BHK Flat  For Sale  In Bharath Nivas In Kodihalli", "2 BHK Flat  For Sale  In Maple Apartments In Indiranagar", "3 BHK Apartment  For Sale  In Kristal Moonstone In Indiranagar", "2 BHK Apartment  For Sale  In Ashiana Gardens Apartments In Indiranagar", "3 BHK Flat  For Sale  In Apartment In Halasuru", "4 BHK Flat  For Sale  In Standalone Building  In Indiranagar, ", "3 BHK Apartment  For Sale  In Monarch Manor In Indira Nagar", "3 BHK Apartment  For Sale  In Sterling Sharada Nivas Apartments In Indira Nagar", "2 BHK Flat  For Sale  In Swathi Apartments In Indiranagar", "2 BHK Flat  For Sale  In Admiralty Manor In Indiranagar", "2 BHK Flat  For Sale  In Raghava Residency, Indiranagar In Indiranagar", "2 BHK Flat  For Sale  In Sai Teja Solace In Kodihalli", "3 BHK Apartment  For Sale  In Nishant Enclave In Indiranagar", "3 BHK Flat  For Sale  In Benaka Apartments In Kodihalli", "4+ BHK Flat  For Sale  In House In Indiranagar", "2 BHK Apartment  For Sale  In Team Green Wood Apartment In Indiranagar", "2 BHK Flat  For Sale  In Sudarshan Ruby In Indiranagar", "3 BHK Flat  For Sale  In Monarch Manor In Indira Nagar"], "area": ["2,200 sqft", "2,750 sqft", "1,100 sqft", "2,450 sqft", "1,780 sqft", "1,780 sqft", "1,300 sqft", "1,400 sqft", "925 sqft", "1,475 sqft", "1,200 sqft", "1,650 sqft", "1,800 sqft", "1,445 sqft", "1,900 sqft", "1,230 sqft", "1,165 sqft", "1,437 sqft", "1,100 sqft", "2,258 sqft", "1,331 sqft", "2,700 sqft", "1,070 sqft", "1,250 sqft", "1,243 sqft"], "rent": ["2.35 Lacs/Month", "1.63 Lacs/Month", "51,583/Month", "2.01 Lacs/Month", "84,825/Month", "91,703/Month", "65,911/Month", "40,120/Month", "37,254/Month", "1.2 Lacs/Month", "57,314/Month", "85,971/Month", "25,791/Month", "54,448/Month", "1.03 Lacs/Month", "71,643/Month", "71,643/Month", "81,386/Month", "48,717/Month", "1.15 Lacs/Month", "48,717/Month", "1.26 Lacs/Month", "71,643/Month", "65,911/Month", "56,741/Month"], "price_per_sqft": ["\u20b918,636 per sq.ft.", "\u20b910,364 per sq.ft.", "\u20b98,182 per sq.ft.", "\u20b914,286 per sq.ft.", "\u20b98,315 per sq.ft.", "\u20b98,989 per sq.ft.", "\u20b98,846 per sq.ft.", "\u20b95,000 per sq.ft.", "\u20b97,027 per sq.ft.", "\u20b914,237 per sq.ft.", "\u20b98,333 per sq.ft.", "\u20b99,091 per sq.ft.", "\u20b92,500 per sq.ft.", "\u20b96,574 per sq.ft.", "\u20b99,474 per sq.ft.", "\u20b910,163 per sq.ft.", "\u20b910,730 per sq.ft.", "\u20b99,882 per sq.ft.", "\u20b97,727 per sq.ft.", "\u20b98,902 per sq.ft.", "\u20b96,386 per sq.ft.", "\u20b98,148 per sq.ft.", "\u20b911,682 per sq.ft.", "\u20b99,200 per sq.ft.", "\u20b97,965 per sq.ft."], "facing": ["North", "North", "North", "Don't Know", "North-West", "South", "East", "North", "North", "East", "North-West", "Don't Know", "East", "South-East", "East", "West", "Don't Know", "North", "North", "East", "East", "South", "South", "South", "South"], "BHK": ["3 BHK", "4 BHK", "2 BHK", "3 BHK", "3 BHK", "3 BHK", "3 BHK", "2 BHK", "2 BHK", "3 BHK", "2 BHK", "3 BHK", "4 BHK", "3 BHK", "3 BHK", "2 BHK", "2 BHK", "2 BHK", "2 BHK", "3 BHK", "3 BHK", "4+ BHK", "2 BHK", "2 BHK", "3 BHK"], "bathrooms": ["3", "3", "2", "3", "3", "3", "2", "2", "2", "2", "2", "3", "3", "2", "2", "2", "2", "2", "2", "4", "2", "6", "2", "2", "2"], "parking": ["Bike and Car", "Bike and Car", "Bike and Car", "Bike and Car", "Bike and Car", "Bike and Car", "Bike and Car", "Bike and Car", "Car", "Bike and Car", "Bike and Car", "Bike and Car", "Bike and Car", "Bike and Car", "Bike and Car", "None", "Bike and Car", "Car", "Bike and Car", "Bike and Car", "Bike and Car", "Bike and Car", "Car", "Bike and Car", "Bike and Car"]},
{"locality": ["Electronic City"], "title": ["2 BHK Apartment  For Sale  In Costa Coral Reef In Beratena Agrahara", "2 BHK Flat  For Sale  In Nisarga Gateway In Bommasandra", "1 BHK Apartment  For Sale  In The Green Terraces In Maragondanahalli", "3 BHK Apartment  For Sale  In Snn Raj Greenbay In Electronic City", "2 BHK Apartment  For Sale  In Prestige Sunrise Park - Birchwood In Electronic City", "2 BHK Apartment  For Sale  In Shriram Summitt In Electronic City", "2 BHK Apartment  For Sale  In Shriram Summitt In Electronic City", "3 BHK Apartment  For Sale  In Gm Infinite E-city Town In Thirupalya", "3 BHK Apartment  For Sale  In Shanders Dwellington In Electronic City", "3 BHK Apartment  For Sale  In Pramuk Aqua Heights In Electronic City", "1 BHK Apartment  For Sale  In Ak Brindavan Apartment In Electronic City", "2 BHK Apartment  For Sale  In Shriram Signiaa In Electronic City", "3 BHK Apartment  For Sale  In Genesis Ecosphere In Electronic City", "2 BHK Apartment  For Sale  In The Green Terraces In Maragondanahalli", "3 BHK Apartment  For Sale  In Aratt Firenza In Electronic City", "3 BHK Apartment  For Sale  In Concorde Manhattans Apartment In Concorde Manhattans Apartment", "3 BHK Apartment  For Sale  In Prime City In Electronic City Phase I", "2 BHK Apartment  For Sale  In Purnima Elite In Electronic City", "2 BHK Flat  For Sale  In Smily Homes, Electronic City Phase I In Electronic City Phase I", "3 BHK Apartment  For Sale  In Alps Aurora In Bommasandra Industrial Area", "2 BHK Flat  For Sale  In Shriram Liberty Square In Electronic City", "3 BHK Flat  For Sale  In Shriram Liberty Square In Electronic City", "2 BHK Flat  For Sale  In Sobha Silicon Oasis In Basapura", "2 BHK Flat  For Sale  In Prestige Sunrise Park - Birchwood In Electronic City", "2 BHK Apartment  For Sale  In Pride Pristine In Electronic City"], "area": ["1,200 sqft", "900 sqft", "720 sqft", "1,395 sqft", "1,211 sqft", "1,175 sqft", "1,170 sqft", "1,500 sqft", "1,350 sqft", "1,470 sqft", "540 sqft", "1,270 sqft", "1,850 sqft", "990 sqft", "1,558 sqft", "1,585 sqft", "1,360 sqft", "995 sqft", "965 sqft", "1,220 sqft", "860 sqft", "1,010 sqft", "1,365 sqft", "1,108 sqft", "1,325 sqft"], "rent": ["29,803/Month", "22,925/Month", "31,522/Month", "55,595/Month", "52,156/Month", "38,973/Month", "37,254/Month", "41,266/Month", "37,254/Month", "56,741/Month", "10,603/Month", "54,448/Month", "49,290/Month", "40,120/Month", "41,266/Month", "60,180/Month", "29,803/Month", "28,084/Month", "22,925/Month", "30,376/Month", "33,242/Month", "38,572/Month", "60,180/Month", "39,546/Month", "37,254/Month"], "price_per_sqft": ["\u20b94,333 per sq.ft.", "\u20b94,444 per sq.ft.", "\u20b97,639 per sq.ft.", "\u20b96,953 per sq.ft.", "\u20b97,514 per sq.ft.", "\u20b95,787 per sq.ft.", "\u20b95,556 per sq.ft.", "\u20b94,800 per sq.ft.", "\u20b94,815 per sq.ft.", "\u20b96,735 per sq.ft.", "\u20b93,426 per sq.ft.", "\u20b97,480 per sq.ft.", "\u20b94,649 per sq.ft.", "\u20b97,071 per sq.ft.", "\u20b94,621 per sq.ft.", "\u20b96,625 per sq.ft.", "\u20b93,824 per sq.ft.", "\u20b94,925 per sq.ft.", "\u20b94,145 per sq.ft.", "\u20b94,344 per sq.ft.", "\u20b96,744 per sq.ft.", "\u20b96,663 per sq.ft.", "\u20b97,692 per sq.ft.", "\u20b96,227 per sq.ft.", "\u20b94,906 per sq.ft."], "facing": ["West", "West", "Don't Know", "West", "East", "East", "East", "North", "West", "South", "North", "North", "Don't Know", "East", "North", "East", "West", "East", "West", "East", "Don't Know", "Don't Know", "North-East", "East", "North"], "BHK": ["2 BHK", "2 BHK", "1 BHK", "3 BHK", "2 BHK", "2 BHK", "2 BHK", "3 BHK", "3 BHK", "3 BHK", "1 BHK", "2 BHK", "3 BHK", "2 BHK", "3 BHK", "3 BHK", "3 BHK", "2 BHK", "2 BHK", "3 BHK", "2 BHK", "3 BHK", "2 BHK", "2 BHK", "2 BHK"], "bathrooms": ["2", "2", "1", "2", "2", "2", "2", "2", "3", "3", "1", "2", "2", "2", "3", "3", "2", "2", "2", "2", "1", "2", "2", "2", "2"], "parking": ["Car", "Bike and Car", "Bike and Car", "Bike and Car", "Bike and Car", "Bike and Car", "Bike and Car", "Bike and Car", "Car", "Car", "Bike", "Bike and Car", "Car", "Car", "Bike and Car", "Bike and Car", "Bike and Car", "Bike and Car", "Car", "Bike and Car", "Bike and Car", "Bike and Car", "Bike and Car", "Bike and Car", "Bike and Car"]},
{"locality": ["Yalahanka New Town Bus Stop"], "title": ["3 BHK Apartment  For Sale  In Shirke Apartment In Yelahanka Satellite Town", "2 BHK Apartment  For Sale  In Prodaacon Rose Garden In Yelahanka", "3 BHK Apartment  For Sale  In Khb High Rise In Yelahanka", "1 BHK Flat  For Sale  In Khb Apartment In Yelahanka", "3 BHK Apartment  For Sale  In Khb Apartment In Yelahanka", "1 BHK Apartment  For Sale  In Khb Apartment In Yelahanka", "3 BHK Apartment  For Sale  In Khb Apartment In Yelahanka", "1 BHK Apartment  For Sale  In Khb Apartment In Yelahanka", "1 BHK Apartment  For Sale  In Khb Apartment In Yelahanka", "1 BHK Flat  For Sale  In Khb Apartment In Yelahanka", "1 BHK Flat  For Sale  In Khb Apartment, Yelahanka New Town, 5th Phase In Yelahanka New Town , 5th Phase", "3 BHK Flat  For Sale  In Shirdi Sai Sannidhi In Chikka Bommasandra", "1 BHK Flat  For Sale  In Khb Apartment In Yelahanka", "2 BHK Flat  For Sale  In Sri Nagambika Residency  In Yelahanka New Town", "2 BHK Flat  For Sale  In Windgates In Yelahanka", "3 BHK Flat  For Sale  In Capstone Life Flowing Tree In Yelahanka New Town", "2 BHK Flat  For Sale  In Capstone Life Flowing Tree In Yelahanka New Town", "3 BHK Flat  For Sale  In Yelahanka New Tow", "3 BHK Flat  For Sale  In Vajram Tiara, Avalahalli In 560064", "2 BHK Flat  For Sale  In Kalpavruksha Apartments In Yelahanka New Town", "1 BHK Flat  For Sale  In Maruti Residency In Yelhanka", "2 BHK Apartment  For Sale  In Gs Builtech Ajantha Vihar In Yelahanka New Town", "2 BHK Apartment  For Sale  In Deccan Shelters In Yelahanka", "4+ BHK Flat  For Sale  In Yelahanka New Town", "2 BHK Flat  For Sale  In Sri Maruti Krupa In Yelahanka New Town"], "area": ["1,100 sqft", "1,100 sqft", "1,580 sqft", "550 sqft", "1,275 sqft", "600 sqft", "1,080 sqft", "475 sqft", "485 sqft", "700 sqft", "450 sqft", "1,250 sqft", "500 sqft", "750 sqft", "1,500 sqft", "1,556 sqft", "1,349 sqft", "1,350 sqft", "2,661 sqft", "1,096 sqft", "468 sqft", "1,390 sqft", "1,065 sqft", "1,800 sqft", "1,150 sqft"], "rent": ["34,388/Month", "28,657/Month", "57,314/Month", "12,609/Month", "42,985/Month", "13,755/Month", "28,657/Month", "11,119/Month", "11,749/Month", "10,889/Month", "10,316/Month", "39,546/Month", "11,462/Month", "25,791/Month", "42,985/Month", "82,864/Month", "72,658/Month", "54,448/Month", "1 Lacs/Month", "57,314/Month", "6,877/Month", "42,985/Month", "31,522/Month", "51,583/Month", "54,448/Month"], "price_per_sqft": ["\u20b95,455 per sq.ft.", "\u20b94,545 per sq.ft.", "\u20b96,329 per sq.ft.", "\u20b94,000 per sq.ft.", "\u20b95,882 per sq.ft.", "\u20b94,000 per sq.ft.", "\u20b94,630 per sq.ft.", "\u20b94,084 per sq.ft.", "\u20b94,227 per sq.ft.", "\u20b92,714 per sq.ft.", "\u20b94,000 per sq.ft.", "\u20b95,520 per sq.ft.", "\u20b94,000 per sq.ft.", "\u20b96,000 per sq.ft.", "\u20b95,000 per sq.ft.", "\u20b99,292 per sq.ft.", "\u20b99,398 per sq.ft.", "\u20b97,037 per sq.ft.", "\u20b96,576 per sq.ft.", "\u20b99,124 per sq.ft.", "\u20b92,564 per sq.ft.", "\u20b95,396 per sq.ft.", "\u20b95,164 per sq.ft.", "\u20b95,000 per sq.ft.", "\u20b98,261 per sq.ft."], "facing": ["Don't Know", "East", "West", "North", "North", "North", "East", "West", "East", "North-East", "South", "North-East", "East", "North-West", "East", "Don't Know", "Don't Know", "East", "East", "North", "South", "East", "North", "East", "North-East"], "BHK": ["3 BHK", "2 BHK", "3 BHK", "1 BHK", "3 BHK", "1 BHK", "3 BHK", "1 BHK", "1 BHK", "1 BHK", "1 BHK", "3 BHK", "1 BHK", "2 BHK", "2 BHK", "3 BHK", "2 BHK", "3 BHK", "3 BHK", "2 BHK", "1 BHK", "2 BHK", "2 BHK", "4+ BHK", "2 BHK"], "bathrooms": ["3", "2", "2", "1", "2", "2", "2", "1", "1", "1", "1", "2", "2", "2", "2", "3", "2", "2", "3", "2", "1", "2", "2", "4", "2"], "parking": ["Bike and Car", "Bike and Car", "Bike and Car", "Bike and Car", "Bike and Car", "Bike and Car", "None", "Bike", "Bike and Car", "Bike and Car", "None", "Bike and Car", "Bike and Car", "Bike", "Bike and Car", "Bike and Car", "Bike and Car", "Car", "Car", "Car", "Bike", "Bike and Car", "Bike and Car", "Bike", "Bike and Car"]},
{"locality": ["Malleshwara"], "title": ["4+ BHK Flat  For Sale  In Balaji Nilaya In Malleshwaram", "3 BHK Flat  For Sale  In Embassy Heritage In Malleshwara", "2 BHK Apartment  For Sale  In Sangeetha Apartments In Malleshwaram", "2 BHK Flat  For Sale  In Bindhu Ashirwad In Malleshwaram", "4 BHK Flat  For Sale  In Rakshita Apartments In Malleswaram ", "3 BHK Flat  For Sale  In Mantri Greens, Malleshwaram In Malleshwaram", "3 BHK Apartment  For Sale  In Mantri Greens In Malleshwaram", "3 BHK Apartment  For Sale  In Egpi Aikya In Malleshwaram West", "2 BHK Flat  For Sale  In Ramana Residency In Malleshwaram", "3 BHK Flat  For Sale  In Ramana Residency In Malleshwaram", "1 BHK Flat  For Sale  In Raj Apartments In Malleswaram", "2 BHK Flat  For Sale  In Ramana Residency, Malleshwaram In Ramana Residency-4th Cross", "2 BHK Flat  For Sale  In S.l.garden In Sampangiram Nagar", "3 BHK Flat  For Sale  In S L Gardens In Seshadripuram", "3 BHK Flat  For Sale  In S L Gardens In Seshadripuram", "2 BHK Flat  For Sale  In Soundarya Links In Soundarya Links", "2 BHK Flat  For Sale  In Vaishanavi Flats  In Malleshwaram", "3 BHK Flat  For Sale  In Sri Durga Enclave In Sheshadripuram", "2 BHK Flat  For Sale  In Bindu Aashirvanth Apartment In  Malleshwaram West", "2 BHK Flat  For Sale  In Shalimar View In Srirampura", "3 BHK Flat  For Sale  In Krishnageet Apartment In Seshadripuram", "2 BHK Flat  For Sale  In Nisarga In Malleshwaram West", "4 BHK Apartment  For Sale  In Soundarya Pride Apartment In Malleshwaram", "2 BHK Flat  For Sale  In Ap In Malleshwaram", "2 BHK Flat  For Sale  In Vaishnavi Apartments In Malleshwaram"], "area": ["5,200 sqft", "1,582 sqft", "937 sqft", "882 sqft", "1,850 sqft", "1,770 sqft", "1,800 sqft", "1,550 sqft", "900 sqft", "1,150 sqft", "600 sqft", "965 sqft", "1,250 sqft", "1,960 sqft", "1,960 sqft", "1,185 sqft", "950 sqft", "1,400 sqft", "700 sqft", "650 sqft", "1,200 sqft", "750 sqft", "2,016 sqft", "900 sqft", "850 sqft"], "rent": ["3.44 Lacs/Month", "1.15 Lacs/Month", "48,717/Month", "42,985/Month", "91,703/Month", "1.29 Lacs/Month", "1.32 Lacs/Month", "1.12 Lacs/Month", "48,717/Month", "85,971/Month", "22,925/Month", "63,045/Month", "68,777/Month", "80,240/Month", "91,703/Month", "54,448/Month", "54,448/Month", "85,971/Month", "42,985/Month", "25,791/Month", "66,484/Month", "48,717/Month", "85,971/Month", "39,546/Month", "42,985/Month"], "price_per_sqft": ["\u20b911,538 per sq.ft.", "\u20b912,642 per sq.ft.", "\u20b99,072 per sq.ft.", "\u20b98,503 per sq.ft.", "\u20b98,649 per sq.ft.", "\u20b912,712 per sq.ft.", "\u20b912,778 per sq.ft.", "\u20b912,581 per sq.ft.", "\u20b99,444 per sq.ft.", "\u20b913,043 per sq.ft.", "\u20b96,667 per sq.ft.", "\u20b911,399 per sq.ft.", "\u20b99,600 per sq.ft.", "\u20b97,143 per sq.ft.", "\u20b98,163 per sq.ft.", "\u20b98,017 per sq.ft.", "\u20b910,000 per sq.ft.", "\u20b910,714 per sq.ft.", "\u20b910,714 per sq.ft.", "\u20b96,923 per sq.ft.", "\u20b99,667 per sq.ft.", "\u20b911,333 per sq.ft.", "\u20b97,440 per sq.ft.", "\u20b97,667 per sq.ft.", "\u20b98,824 per sq.ft."], "facing": ["Don't Know", "South", "West", "North", "South", "East", "Don't Know", "East", "East", "West", "West", "East", "North", "East", "East", "East", "North", "East", "North-East", "South", "South-East", "South", "East", "East", "South"], "BHK": ["4+ BHK", "3 BHK", "2 BHK", "2 BHK", "4 BHK", "3 BHK", "3 BHK", "3 BHK", "2 BHK", "3 BHK", "1 BHK", "2 BHK", "2 BHK", "3 BHK", "3 BHK", "2 BHK", "2 BHK", "3 BHK", "2 BHK", "2 BHK", "3 BHK", "2 BHK", "4 BHK", "2 BHK", "2 BHK"], "bathrooms": ["14", "3", "2", "2", "4", "4", "4", "3", "1", "2", "1", "2", "2", "3", "3", "2", "2", "2", "2", "2", "2", "2", "4", "1", "2"], "parking": ["None", "Car", "Bike and Car", "Bike and Car", "Bike and Car", "Bike and Car", "Bike and Car", "Bike and Car", "Bike and Car", "Bike and Car", "None", "Car", "Bike and Car", "Car", "Bike and Car", "Bike and Car", "Bike and Car", "Bike and Car", "Bike and Car", "Bike and Car", "Bike and Car", "Car", "Car", "Car", "Bike and Car"]},
{"locality": ["Jayanagar"], "title": ["3 BHK Apartment  For Sale  In Adarsh Court Apartment In Jayanagar", "3 BHK Flat  For Sale  In Shanti Park Apartments In Jayanagara 9th Block, Jayanagar", "2 BHK Flat  For Sale  In Shree Enclave  In Jayanagar", "3 BHK Flat  For Sale  In Total Environment Life Is Beautiful, Jayanagar In Jayanagar", "3 BHK Flat  For Sale  In Mantri Gardens Apartment In Jayanagar", "4 BHK Flat  For Sale  In Rrbc Piccassso In Jayanagar", "3 BHK Flat  For Sale  In Rrbc Piccassso In Jayanagar", "4+ BHK Flat  For Sale  In Jayanagar", "3 BHK Flat  For Sale  In Apartment  In  Jayanagar East", "3 BHK Flat  For Sale  In Jains Prakruti In Jayanagar", "4 BHK Flat  For Sale  In B&b Opulent Spire In Jayanagar", "2 BHK Flat  For Sale  In Jab Residency In Bhel Officers Layout", "2 BHK Apartment  For Sale  In R K Gold Apartment In Jayanagar", "3 BHK Flat  For Sale  In Vesta Sri Krishna  In Jayanagar", "3 BHK Apartment  For Sale  In Parasmani Regency In Jayanagar", "2 BHK Flat  For Sale  In Rrbc Piccassso In Jayanagar", "4 BHK Flat  For Sale  In Sobha Opal Apartment, Jayanagar In Jayanagar", "4 BHK Flat  For Sale  In Shubham Dreamz In Jayanagar", "2 BHK Flat  For Sale  In Classic Court Apartment In Jayanagar", "3 BHK Apartment  For Sale  In Mayitri Enclave In Jayanagar", "2 BHK Flat  For Sale  In Krishna Lake View Apts In Jayanagar", "3 BHK Apartment  For Sale  In Gokul Lake View Aprtments In Jayanagar", "3 BHK Flat  For Sale  In Pallavi Pristine Thangavelu Apartments In Jayanagar", "4+ BHK Flat  For Sale  In Linea Apoorva, 4th Block Jayanagar In 18th Main Road", "3 BHK Flat  For Sale  In Palavi Prestinethangavelu In Jayanagar"], "area": ["1,990 sqft", "1,420 sqft", "1,200 sqft", "2,628 sqft", "1,485 sqft", "4,859 sqft", "2,037 sqft", "2,336 sqft", "2,000 sqft", "1,774 sqft", "4,084 sqft", "1,100 sqft", "1,100 sqft", "1,410 sqft", "1,940 sqft", "1,731 sqft", "3,223 sqft", "2,495 sqft", "850 sqft", "1,200 sqft", "1,060 sqft", "2,000 sqft", "1,340 sqft", "5,100 sqft", "1,340 sqft"], "rent": ["2.01 Lacs/Month", "71,643/Month", "74,508/Month", "1.72 Lacs/Month", "85,971/Month", "3.91 Lacs/Month", "1.69 Lacs/Month", "77,374/Month", "1.09 Lacs/Month", "1.32 Lacs/Month", "2.99 Lacs/Month", "53,302/Month", "31,522/Month", "97,434/Month", "1.52 Lacs/Month", "1.44 Lacs/Month", "2.29 Lacs/Month", "2.01 Lacs/Month", "51,583/Month", "42,985/Month", "45,851/Month", "85,971/Month", "77,947/Month", "4.3 Lacs/Month", "74,508/Month"], "price_per_sqft": ["\u20b917,588 per sq.ft.", "\u20b98,803 per sq.ft.", "\u20b910,833 per sq.ft.", "\u20b911,416 per sq.ft.", "\u20b910,101 per sq.ft.", "\u20b914,056 per sq.ft.", "\u20b914,433 per sq.ft.", "\u20b95,779 per sq.ft.", "\u20b99,500 per sq.ft.", "\u20b912,965 per sq.ft.", "\u20b912,782 per sq.ft.", "\u20b98,455 per sq.ft.", "\u20b95,000 per sq.ft.", "\u20b912,057 per sq.ft.", "\u20b913,660 per sq.ft.", "\u20b914,500 per sq.ft.", "\u20b912,411 per sq.ft.", "\u20b914,028 per sq.ft.", "\u20b910,588 per sq.ft.", "\u20b96,250 per sq.ft.", "\u20b97,547 per sq.ft.", "\u20b97,500 per sq.ft.", "\u20b910,149 per sq.ft.", "\u20b914,706 per sq.ft.", "\u20b99,701 per sq.ft."], "facing": ["South", "North", "North", "South", "South-East", "Don't Know", "Don't Know", "East", "East", "West", "Don't Know", "North-West", "East", "North", "West", "Don't Know", "East", "East", "North-East", "East", "Don't Know", "East", "East", "East", "East"], "BHK": ["3 BHK", "3 BHK", "2 BHK", "3 BHK", "3 BHK", "4 BHK", "3 BHK", "4+ BHK", "3 BHK", "3 BHK", "4 BHK", "2 BHK", "2 BHK", "3 BHK", "3 BHK", "2 BHK", "4 BHK", "4 BHK", "2 BHK", "3 BHK", "2 BHK", "3 BHK", "3 BHK", "4+ BHK", "3 BHK"], "bathrooms": ["3", "2", "2", "3", "3", "4", "3", "4", "3", "3", "4", "2", "3", "3", "3", "2", "4", "4", "2", "2", "2", "3", "2", "5", "2"], "parking": ["Bike and Car", "None", "Bike and Car", "Bike and Car", "Bike and Car", "Bike and Car", "Bike and Car", "None", "Bike and Car", "Car", "Bike and Car", "Bike and Car", "Bike", "Bike and Car", "Bike and Car", "Bike and Car", "Car", "Bike and Car", "Bike and Car", "Bike and Car", "Bike and Car", "Bike and Car", "Bike and Car", "Bike and Car", "Bike and Car"]}
]